,number,time,duration,screen_x,screen_y
0,1,344,120,197,205
1,2,2377,419,12,546
2,3,2816,180,2,550
3,4,3414,100,80,589
4,5,3553,379,67,591
5,6,4550,140,682,551
6,7,4849,100,652,536
7,8,5308,100,655,528
8,9,5607,120,729,573
9,10,6145,100,502,203
10,11,7102,179,250,203
11,12,8239,100,45,570
12,13,9156,100,61,645
13,14,9475,179,77,647
14,15,9814,120,73,638
15,16,10272,120,727,562
16,17,10552,100,694,532
17,18,11210,120,53,222
18,19,13263,100,81,638
19,20,15037,100,41,651
20,21,15496,120,87,660
21,22,15636,179,104,671
22,23,15835,140,95,650
23,24,16134,120,65,638
24,25,16333,100,72,623
25,26,16872,140,77,619
26,27,17649,159,35,595
27,28,17948,160,55,555
28,29,18228,120,89,612
29,30,18467,140,103,610
30,31,19204,179,92,613
31,32,21717,120,91,620
32,33,21916,180,467,859
33,34,22235,100,466,848
34,35,22913,140,447,766
35,36,23312,140,436,767
36,37,23531,120,457,765
37,38,23969,120,498,763
38,39,25365,120,711,532
39,40,25704,140,731,643
40,41,25963,279,736,620
41,42,26262,120,761,588
42,43,26522,159,733,561
43,44,26701,120,758,613
44,45,27319,219,764,645
45,46,28017,120,716,619
46,47,28894,120,819,684
47,48,29034,199,790,705
48,49,29253,140,797,729
49,50,29452,140,773,711
50,51,29931,199,785,727
51,52,30290,100,745,597
52,53,30489,100,751,618
53,54,31127,140,759,635
54,55,32582,100,69,590
55,56,33200,160,63,182
56,57,34078,180,72,567
57,58,34397,120,74,581
58,59,35414,140,75,600
59,60,36072,299,475,836
60,61,37068,179,108,621
61,62,37627,140,96,609
62,63,38025,140,99,606
63,64,38185,160,104,633
64,65,38384,100,108,628
65,66,38564,100,111,642
66,67,39282,100,91,620
67,68,40159,140,97,630
68,69,43608,120,144,619
69,70,43887,140,117,610
70,71,44585,199,765,622
71,72,44944,140,757,617
72,73,46240,100,765,774
73,74,46638,100,734,825
74,75,47097,259,755,875
75,76,47954,100,482,159
76,77,48652,100,613,187
77,78,49250,219,96,155
78,79,49789,120,531,210
79,80,50466,120,54,212
80,81,52141,100,67,597
81,82,52400,120,73,636
82,83,52779,100,18,573
83,84,53278,100,57,707
84,85,53457,100,65,695
85,86,53637,100,54,625
86,87,54075,100,73,553
87,88,54833,100,764,671
88,89,55172,180,736,618
89,90,55371,140,717,615
90,91,55690,120,756,580
91,92,55969,140,759,855
92,93,56129,120,749,842
93,94,56328,299,734,705
94,95,56787,120,742,752
95,96,57464,199,734,756
96,97,57744,199,739,760
97,98,58023,140,710,761
98,99,58222,379,709,760
99,100,58641,180,761,775
100,101,58840,299,760,797
101,102,59319,179,736,632
102,103,59678,120,695,612
103,104,60016,100,32,611
104,105,60714,140,26,646
105,106,61173,239,94,676
106,107,61572,160,110,687
107,108,62110,100,770,795
108,109,62568,160,861,772
109,110,62748,140,736,762
110,111,63107,219,776,792
111,112,63924,120,129,778
112,113,64104,180,101,801
113,114,64363,140,90,762
114,115,64622,100,105,757
115,116,64801,199,104,747
116,117,65499,120,242,233
117,118,66217,100,575,226
118,119,67094,120,453,232
119,120,67633,139,40,220
120,121,68649,120,287,218
121,122,69606,120,217,230
122,123,69766,100,271,216
123,124,70205,179,97,760
124,125,71640,100,65,635
125,126,72138,100,83,638
126,127,72537,140,58,646
127,128,72796,139,65,645
128,129,73036,100,11,599
129,130,73155,180,19,606
130,131,73654,100,115,638
131,132,73933,140,86,657
132,133,74232,219,76,666
133,134,74631,140,34,671
134,135,76525,179,745,739
135,136,76884,120,703,759
136,137,77023,319,698,754
137,138,77621,120,728,743
138,139,77880,120,751,675
139,140,78219,239,732,726
140,141,78479,140,734,731
141,142,78957,199,708,737
142,143,79416,140,773,739
143,144,79575,259,773,735
144,145,79854,140,764,743
145,146,80452,140,132,740
146,147,80911,100,110,682
147,148,81310,399,782,755
148,149,82685,120,788,748
149,150,83224,160,785,761
150,151,83403,179,783,762
151,152,83762,140,775,794
152,153,84021,179,784,797
153,154,84440,100,148,714
154,155,84599,180,109,711
155,156,86394,100,81,649
156,157,86593,100,83,645
157,158,87211,120,429,205
158,159,88507,200,623,236
159,160,88846,140,621,221
160,161,90581,120,221,239
161,162,91677,100,279,248
162,163,92395,160,94,694
163,164,93133,120,782,755
164,165,93511,100,808,721
165,166,93631,219,809,738
166,167,93870,100,755,701
167,168,94090,199,749,705
168,169,94468,219,753,843
169,170,94827,159,749,843
170,171,95007,299,734,861
171,172,95326,120,736,861
172,173,95565,160,62,774
173,174,96382,160,3,729
174,175,97619,100,63,618
175,176,98276,140,48,602
176,177,99214,100,80,732
177,178,99552,120,88,738
178,179,100171,120,100,754
179,180,101566,120,56,760
180,181,101945,140,91,859
181,182,102105,100,90,863
182,183,103839,140,46,746
183,184,104138,160,56,755
184,185,104457,120,61,912
185,186,105653,100,241,248
186,187,105972,160,52,254
187,188,107368,120,588,229
188,189,107807,100,618,255
189,190,108066,100,613,248
190,191,109441,100,739,729
191,192,109840,120,422,270
192,193,110737,100,227,267
193,194,111156,179,240,280
194,195,111375,100,234,279
195,196,111814,199,57,276
196,197,112631,100,73,604
197,198,112851,219,75,640
198,199,113230,140,43,608
199,200,113449,100,17,588
200,201,114884,140,89,694
201,202,115084,120,90,678
202,203,115582,140,107,721
203,204,116220,100,95,698
204,205,116938,180,751,627
205,206,117775,259,734,721
206,207,118673,120,693,740
207,208,118852,120,755,774
208,209,119171,120,767,783
209,210,119390,160,761,827
210,211,120108,140,789,822
211,212,120427,140,764,793
212,213,121185,140,761,810
213,214,121364,140,844,809
214,215,121623,179,777,790
215,216,122241,100,749,780
216,217,122780,120,874,796
217,218,122919,100,878,784
218,219,123218,100,777,773
219,220,123438,100,850,798
220,221,123856,199,760,780
221,222,125013,120,77,766
222,223,125252,100,773,809
223,224,125411,180,790,819
224,225,125631,319,767,806
225,226,125970,139,741,798
226,227,126229,160,717,813
227,228,126428,100,706,827
228,229,126927,120,835,833
229,230,127106,100,828,848
230,231,127325,160,772,835
231,232,127624,160,793,840
232,233,127963,140,752,844
233,234,128442,100,832,829
234,235,128562,180,825,839
235,236,129399,199,797,899
236,237,129738,100,809,880
237,238,130635,339,736,824
238,239,131014,120,719,814
239,240,131293,100,749,797
240,241,131432,100,770,780
241,242,131552,140,788,794
242,243,132031,100,840,794
243,244,132390,179,734,757
244,245,132709,179,782,792
245,246,132988,100,838,793
246,247,133187,199,854,790
247,248,133586,140,749,789
248,249,133805,100,756,782
249,250,134084,219,874,807
250,251,134981,219,780,822
251,252,136038,120,89,763
252,253,137075,100,764,798
253,254,137314,140,767,820
254,255,137613,199,769,821
255,256,137972,179,148,792
256,257,138829,219,94,787
257,258,139467,159,428,248
258,259,140165,179,608,248
259,260,141102,160,514,219
260,261,143256,100,50,178
261,262,144352,100,254,178
262,263,144850,219,81,787
263,264,145349,120,106,802
264,265,145548,100,85,776
265,266,145668,100,77,740
266,267,146146,100,73,665
267,268,146386,159,30,644
268,269,147143,120,92,616
269,270,148180,100,90,616
270,271,148439,180,92,642
271,272,149935,160,93,670
272,273,150333,140,98,686
273,274,150832,100,104,653
274,275,150991,100,96,648
275,276,151729,100,108,680
276,277,152666,100,101,635
277,278,152826,120,172,645
278,279,153503,259,728,727
279,280,154022,339,689,703
280,281,154600,160,757,735
281,282,154779,140,778,728
282,283,155118,239,766,749
283,284,155477,319,796,752
284,285,155836,120,786,767
285,286,156016,139,790,781
286,287,156235,120,803,762
287,288,156474,120,772,779
288,289,156614,179,826,765
289,290,156813,140,817,779
290,291,156972,200,777,756
291,292,157870,100,258,229
292,293,158169,120,254,219
293,294,158787,139,41,240
294,295,159285,120,287,176
295,296,160561,219,775,795
296,297,161219,120,757,728
297,298,161718,140,754,843
298,299,161897,179,744,820
299,300,162096,160,749,822
300,301,162396,140,693,830
301,302,162595,100,693,834
302,303,163352,180,729,625
303,304,163592,100,720,668
304,305,163851,140,747,573
305,306,164309,339,768,733
306,307,165067,120,757,805
307,308,165207,120,748,806
308,309,165885,180,721,796
309,310,167200,120,834,753
310,311,167499,120,784,742
311,312,167679,140,780,727
312,313,170470,100,109,670
313,314,171068,159,745,729
314,315,171268,259,735,718
315,316,171587,219,781,746
316,317,172085,120,779,767
317,318,172843,100,445,228
318,319,172962,140,433,167
319,320,175056,100,495,186
320,321,175873,120,49,191
321,322,176810,100,94,189
322,323,177030,160,36,203
323,324,177608,120,320,225
324,325,178066,120,92,710
325,326,178226,179,113,709
326,327,178924,120,110,753
327,328,179123,120,121,792
328,329,179960,140,811,791
329,330,180120,100,742,792
330,331,181117,179,299,234
331,332,182014,259,735,803
332,333,182313,199,745,811
333,334,182911,100,729,804
334,335,183370,100,685,796
335,336,183808,100,723,703
336,337,183928,120,757,741
337,338,184127,140,767,749
338,339,184287,179,776,721
339,340,184526,120,723,738
340,341,185124,219,795,758
341,342,185403,140,820,795
342,343,185603,160,788,797
343,344,186021,140,778,725
344,345,186360,120,798,776
345,346,187517,120,797,798
346,347,188294,140,790,813
347,348,188494,100,801,821
348,349,188972,100,760,720
349,350,189112,120,756,717
350,351,189251,100,769,729
351,352,189391,140,781,750
352,353,189989,140,82,706
353,354,190368,259,100,720
354,355,190966,459,109,749
355,356,191504,219,94,721
356,357,192441,120,785,823
357,358,192800,120,781,748
358,359,192999,120,784,785
359,360,193598,120,813,730
360,361,194375,100,737,703
361,362,194595,120,748,710
362,363,194993,140,794,814
363,364,195552,259,856,837
364,365,196748,140,120,683
365,366,197346,100,110,777
366,367,197884,159,130,710
367,368,198084,219,107,712
368,369,199459,199,138,638
369,370,201433,199,139,693
370,371,202350,140,221,657
371,372,203008,100,93,769
372,373,204045,100,779,833
373,374,204264,180,778,918
374,375,204464,120,834,936
375,376,204703,180,857,833
376,377,204902,219,797,830
377,378,205161,120,773,787
378,379,205301,100,780,792
379,380,205600,279,766,786
380,381,206437,140,792,790
381,382,206597,100,779,769
382,383,207095,139,117,762
383,384,207295,180,156,750
384,385,208132,100,841,829
385,386,208312,100,839,851
386,387,208710,159,779,755
387,388,209009,120,795,771
388,389,209189,120,834,802
389,390,209348,100,814,770
390,391,210305,139,789,853
391,392,211282,100,781,786
392,393,212857,120,42,234
393,394,213914,120,356,183
394,395,214612,120,272,167
395,396,215170,100,611,171
396,397,216326,100,112,702
397,398,217104,140,126,778
398,399,219616,159,611,146
399,400,220673,120,210,200
400,401,220912,120,410,215
401,402,221151,100,224,206
402,403,221769,120,243,208
403,404,222447,100,55,228
404,405,222607,100,249,216
405,406,223265,140,244,196
406,407,224162,179,127,722
407,408,225218,140,77,819
408,409,226275,159,722,658
409,410,226774,179,685,708
410,411,227312,219,743,760
411,412,228090,139,737,763
412,413,228449,100,737,571
413,414,228568,259,738,579
414,415,229106,120,711,709
415,416,229665,100,734,584
416,417,230103,179,673,566
417,418,230981,120,742,571
418,419,231658,140,752,658
419,420,232276,100,760,641
420,421,234031,120,76,816
421,422,234310,120,60,797
422,423,235048,140,93,844
423,424,235785,100,479,773
424,425,237360,279,437,887
425,426,237659,120,435,892
426,427,237859,180,409,888
427,428,238816,140,457,911
428,429,239055,120,465,918
429,430,239753,100,457,896
430,431,241049,100,747,669
431,432,241288,100,472,813
432,433,241767,100,429,748
433,434,242405,120,436,947
434,435,244159,100,725,645
435,436,244478,159,1101,723
436,437,244997,139,1101,918
437,438,245196,160,1082,948
438,439,245375,140,1096,950
439,440,245555,120,1114,931
440,441,245754,199,1118,928
441,442,246671,100,427,912
442,443,247568,160,239,239
443,444,248087,120,81,207
444,445,248745,159,543,169
445,446,249423,100,626,209
446,447,249542,120,614,209
447,448,249682,100,620,215
448,449,251436,160,35,193
449,450,252214,140,232,222
450,451,252373,199,234,231
451,452,253370,120,206,210
452,453,253908,140,247,242
453,454,255763,180,118,745
454,455,256441,100,60,640
455,456,256760,160,52,646
456,457,256959,120,53,663
457,458,257218,100,63,681
458,459,259511,100,89,598
459,460,260627,120,220,246
460,461,261226,100,724,551
461,462,262023,199,738,612
462,463,262282,179,746,617
463,464,262601,160,724,550
464,465,262980,100,731,560
465,466,263100,100,686,537
466,467,263299,100,703,550
467,468,264077,100,773,612
468,469,264296,100,742,652
469,470,265074,100,728,628
470,471,265632,219,769,652
471,472,266728,140,68,568
472,473,267506,140,836,653
473,474,267666,199,865,669
474,475,268323,120,776,666
475,476,268882,179,787,668
476,477,269221,239,812,689
477,478,269599,160,788,696
478,479,269779,179,820,715
479,480,270417,120,797,709
480,481,271055,119,789,748
481,482,271374,100,829,731
482,483,271753,219,830,759
483,484,272151,100,802,768
484,485,272789,100,788,751
485,486,272949,120,807,758
486,487,273168,199,775,752
487,488,273447,120,855,748
488,489,273806,120,744,759
489,490,274305,120,804,771
490,491,274444,100,805,754
491,492,274604,159,813,760
492,493,275162,100,783,778
493,494,275401,219,824,769
494,495,275680,179,805,765
495,496,276837,120,85,596
496,497,277076,100,56,522
497,498,277235,100,74,563
498,499,279130,100,231,227
499,500,279269,140,37,204
500,501,279528,120,249,230
501,502,279847,100,563,220
502,503,280027,140,658,215
503,504,280944,100,625,234
504,505,282220,100,609,194
505,506,283137,140,508,291
506,507,283635,140,244,271
507,508,284951,180,402,246
508,509,286088,139,267,254
509,510,286945,219,321,257
510,511,287483,120,314,260
511,512,288480,219,354,244
512,513,304789,100,56,681
513,514,305387,100,94,731
514,515,305925,160,77,797
515,516,306105,100,122,812
516,517,307401,259,106,828
517,518,307700,100,113,821
518,519,308079,100,131,841
519,520,309714,100,33,254
520,521,310631,140,258,207
521,522,311309,140,810,868
522,523,311528,120,775,864
523,524,311667,180,762,898
524,525,312026,180,774,715
525,526,312365,199,818,699
526,527,312684,120,814,689
527,528,313163,100,775,700
528,529,313382,179,823,716
529,530,314239,160,784,757
530,531,314518,120,800,758
531,532,315077,140,805,784
532,533,315795,120,786,773
533,534,316831,120,851,684
534,535,317310,100,819,846
535,536,317469,419,804,825
536,537,318606,120,104,821
537,538,318945,180,122,859
538,539,319722,120,115,829
539,540,319961,120,132,826
540,541,320998,100,107,815
541,542,321497,199,800,807
542,543,321816,160,814,806
543,544,321995,120,850,800
544,545,322194,279,800,822
545,546,322493,100,825,827
546,547,322812,219,793,829
547,548,323351,140,744,753
548,549,323690,239,782,746
549,550,323949,140,760,753
550,551,325006,319,770,765
551,552,325384,120,749,795
552,553,325723,140,804,793
553,554,325943,319,802,803
554,555,326401,159,850,814
555,556,327239,120,852,677
556,557,328116,100,778,697
557,558,329731,120,741,637
558,559,329910,139,740,645
559,560,330070,140,732,614
560,561,330249,100,747,461
561,562,330967,100,714,465
562,563,332223,119,703,516
563,564,332582,180,714,463
564,565,334635,120,138,816
565,566,336131,100,105,817
566,567,337746,160,134,859
567,568,342092,120,616,236
568,569,342391,140,357,249
569,570,343268,100,246,247
570,571,344066,120,258,248
571,572,344365,140,212,252
572,573,344764,140,71,270
573,574,345382,199,253,276
574,575,345860,120,140,822
575,576,347555,100,101,770
576,577,347714,120,107,795
577,578,347894,100,107,774
578,579,348293,140,798,788
579,580,348552,179,776,780
580,581,349589,139,779,751
581,582,349748,100,800,717
582,583,349967,100,786,694
583,584,350466,159,230,280
584,585,351403,239,772,855
585,586,351682,160,769,868
586,587,352360,120,719,857
587,588,352659,159,787,871
588,589,353875,140,795,882
589,590,354094,120,792,885
590,591,354334,120,785,893
591,592,356347,100,306,277
592,593,357623,179,86,770
593,594,358780,179,723,847
594,595,359019,100,756,904
595,596,359318,279,761,800
596,597,359956,100,779,739
597,598,360315,179,732,736
598,599,360514,180,730,736
599,600,360813,120,808,760
600,601,361970,120,793,714
601,602,362209,100,781,705
602,603,363226,120,816,741
603,604,363365,279,786,746
604,605,363744,100,769,693
605,606,364103,120,797,691
606,607,364263,140,801,702
607,608,364522,120,786,766
608,609,365419,100,861,763
609,610,366336,100,97,787
610,611,367034,120,776,758
611,612,367293,179,808,741
612,613,367492,180,807,757
613,614,369048,100,447,228
614,615,369287,100,211,250
615,616,369726,139,578,253
616,617,370683,100,623,250
617,618,371799,140,433,269
618,619,372238,120,427,262
619,620,372377,100,432,215
620,621,374072,100,246,233
621,622,375368,100,41,182
622,623,376385,120,84,642
623,624,378398,120,101,708
624,625,378677,120,90,715
625,626,379216,120,771,677
626,627,379415,100,752,671
627,628,379555,100,724,624
628,629,379834,120,701,636
629,630,381409,180,829,655
630,631,381608,319,757,678
631,632,382107,100,834,661
632,633,382246,120,750,646
633,634,382505,339,770,644
634,635,382864,199,767,622
635,636,383084,100,762,616
636,637,383303,100,755,612
637,638,393431,100,82,715
638,639,400509,100,74,666
639,640,402981,159,765,604
640,641,403380,160,767,646
641,642,403779,120,765,630
642,643,404297,100,845,637
643,644,406929,120,786,661
644,645,407686,100,225,199
645,646,409521,120,615,167
646,647,409660,120,616,183
647,648,410179,120,594,164
648,649,410398,100,619,159
649,650,410896,140,613,168
650,651,414804,100,583,199
651,652,414964,100,580,191
652,653,415901,139,642,195
653,654,416260,120,718,196
654,655,416459,120,740,196
655,656,416598,180,748,207
656,657,416798,120,737,188
657,658,417236,140,670,184
658,659,419011,219,617,185
659,660,419788,100,591,221
660,661,419988,100,610,218
661,662,420128,179,626,212
662,663,420785,100,722,186
663,664,421124,100,555,200
664,665,421802,179,623,197
665,666,422221,140,244,199
666,667,424713,100,434,193
667,668,425231,100,444,192
668,669,425690,100,451,185
669,670,425989,100,503,196
670,671,426188,100,503,204
671,672,427046,120,442,163
672,673,427504,120,437,181
673,674,428581,179,35,186
674,675,430276,120,87,780
675,676,431093,100,87,942
676,677,431233,120,90,960
677,678,431532,120,105,911
678,679,431691,160,81,848
679,680,433246,140,60,691
680,681,433924,120,53,675
681,682,434084,100,68,672
682,683,435260,219,66,678
683,684,435519,140,67,653
684,685,436117,100,13,628
685,686,436317,120,3,631
686,687,436616,160,87,670
687,688,437892,159,56,647
688,689,438071,100,62,648
689,690,438390,160,73,674
690,691,438749,179,60,640
691,692,438948,120,42,646
692,693,439088,399,81,658
693,694,442019,100,33,602
694,695,442956,180,116,733
695,696,443773,100,39,655
696,697,444152,120,132,652
697,698,444571,160,98,705
698,699,445049,100,45,656
699,700,445907,100,47,210
700,701,447043,100,67,636
701,702,447561,120,111,706
702,703,447960,100,114,705
703,704,448479,259,732,674
704,705,449037,120,720,623
705,706,450054,120,690,611
706,707,450392,120,761,675
707,708,450552,259,790,654
708,709,451090,140,706,599
709,710,451489,120,748,580
710,711,453882,140,882,661
711,712,455357,100,746,644
712,713,455935,100,768,767
713,714,457729,160,803,755
714,715,458009,120,768,708
715,716,459364,180,102,653
716,717,459943,100,783,754
717,718,460162,140,810,741
718,719,460321,159,845,746
719,720,461338,140,33,205
720,721,462435,100,614,192
721,722,463352,100,512,239
722,723,464229,140,256,214
723,724,465126,100,36,202
724,725,466821,140,51,208
725,726,467439,120,272,222
726,727,467579,100,268,196
727,728,467778,100,65,215
728,729,468236,120,81,748
729,730,468974,279,29,737
730,731,469871,120,115,772
731,732,470529,140,102,799
732,733,470729,179,105,813
733,734,470928,160,103,829
734,735,471526,140,97,844
735,736,472085,120,741,779
736,737,472224,140,751,776
737,738,472563,179,736,792
738,739,472862,139,706,770
739,740,473022,219,696,793
740,741,474457,140,743,854
741,742,474736,159,779,880
742,743,477069,100,786,856
743,744,477707,120,761,829
744,745,478704,120,777,909
745,746,479681,140,768,797
746,747,480020,140,797,800
747,748,480219,140,861,802
748,749,480837,179,764,792
749,750,481216,100,744,798
750,751,482113,159,754,778
751,752,482731,139,730,779
752,753,482911,180,732,769
753,754,483469,120,781,806
754,755,484206,160,767,771
755,756,484406,140,718,781
756,757,484665,140,718,767
757,758,486160,180,747,869
758,759,486459,120,752,860
759,760,486599,139,738,834
760,761,486758,100,789,875
761,762,487875,100,234,254
762,763,488354,179,45,217
763,764,489251,100,798,849
764,765,489570,100,769,867
765,766,489968,179,777,867
766,767,490168,299,807,877
767,768,490487,140,782,875
768,769,490786,160,775,878
769,770,491803,219,104,781
770,771,492700,179,134,840
771,772,493158,219,778,870
772,773,493617,100,812,887
773,774,494056,140,761,839
774,775,494514,100,819,874
775,776,496448,120,751,791
776,777,496588,100,788,838
777,778,496727,159,780,863
778,779,496927,239,767,864
779,780,497186,239,839,859
780,781,497605,219,782,877
781,782,498482,180,769,854
782,783,498980,140,776,883
783,784,499319,100,799,878
784,785,503187,259,446,806
785,786,503506,160,466,811
786,787,505201,199,465,817
787,788,505679,100,96,749
788,789,506078,100,481,805
789,790,506218,100,458,837
790,791,506417,160,463,840
791,792,506856,140,502,856
792,793,507194,100,1163,845
793,794,507354,100,1082,845
794,795,507474,100,1098,842
795,796,508251,180,1086,844
796,797,508530,100,1165,863
797,798,509447,140,425,787
798,799,510205,120,471,818
799,800,511481,159,461,874
800,801,511680,100,471,892
801,802,512438,100,72,800
802,803,512936,140,473,916
803,804,513375,179,474,961
804,805,514252,100,467,939
805,806,515728,100,459,673
806,807,516206,120,428,686
807,808,517522,100,458,863
808,809,517761,140,447,876
809,810,518319,120,437,892
810,811,518539,100,450,865
811,812,518658,139,460,887
812,813,518818,179,460,851
813,814,519456,140,439,838
814,815,520034,120,464,851
815,816,520373,239,455,884
816,817,520772,120,453,858
817,818,522128,140,532,824
818,819,523663,239,461,766
819,820,526793,120,783,883
820,821,526972,100,810,895
821,822,527770,100,510,825
822,823,528029,160,438,806
823,824,529824,120,466,805
824,825,531817,100,474,192
825,826,532834,100,620,187
826,827,533312,140,779,828
827,828,533652,140,768,863
828,829,533871,160,826,856
829,830,534848,160,601,236
830,831,536323,100,808,837
831,832,537519,140,103,810
832,833,538177,180,814,870
833,834,538377,140,784,844
834,835,540709,100,38,842
835,836,541407,160,804,908
836,837,544418,100,303,226
837,838,547468,100,24,230
838,839,548106,179,119,703
839,840,548844,239,23,740
840,841,549601,100,56,932
841,842,550000,100,74,758
842,843,550937,100,112,722
843,844,551216,159,71,747
844,845,551416,160,81,756
845,846,553768,120,797,912
846,847,555344,100,729,881
847,848,556460,160,732,864
848,849,557258,100,742,766
849,850,558833,100,250,235
850,851,559032,160,243,231
851,852,561125,100,39,252
852,853,562122,100,44,257
853,854,562661,100,65,751
854,855,564435,139,777,677
855,856,564594,199,756,731
856,857,564914,100,752,790
857,858,565651,140,740,615
858,859,566130,239,758,639
859,860,566389,100,761,667
860,861,566827,140,775,684
861,862,567107,100,744,590
862,863,567446,160,801,601
863,864,569898,100,730,639
864,865,570576,120,786,583
865,866,571413,140,777,679
866,867,571872,140,799,631
867,868,572629,139,782,672
868,869,574085,120,83,605
869,870,576736,100,56,637
870,871,577335,100,114,690
871,872,578850,159,274,237
872,873,579528,120,600,246
873,874,579886,120,461,274
874,875,580186,100,494,312
875,876,580983,160,773,695
876,877,581641,100,553,242
877,878,581900,140,450,236
878,879,583854,120,77,638
879,880,583994,140,78,607
880,881,585409,179,778,641
881,882,601479,100,209,704
882,883,602077,100,829,768
883,884,609175,100,129,701
884,885,609554,100,116,733
885,886,632980,160,799,730
886,887,633877,199,95,613
887,888,634954,120,140,226
888,889,635632,100,802,690
889,890,636290,160,829,673
890,891,636549,100,804,761
891,892,636768,120,807,742
892,893,637167,120,787,757
893,894,637346,199,844,770
894,895,637645,279,800,755
895,896,638244,379,817,772
896,897,638742,239,860,777
897,898,639101,120,795,771
898,899,639340,100,816,774
899,900,639838,100,780,766
900,901,641294,100,136,703
901,902,641473,180,85,656
902,903,642211,100,817,794
903,904,642410,199,775,761
904,905,642690,120,828,757
905,906,642829,120,839,774
906,907,642969,279,801,773
907,908,643308,139,851,778
908,909,643487,160,749,783
909,910,643686,120,745,792
910,911,643926,120,764,767
911,912,644125,120,779,770
912,913,644305,140,788,788
913,914,644524,219,842,794
914,915,644863,100,878,792
915,916,645102,100,807,801
916,917,645222,140,782,808
917,918,645381,100,786,813
918,919,645800,179,831,794
919,920,646358,100,824,790
920,921,651024,100,43,236
921,922,651362,199,127,267
922,923,652160,100,20,256
923,924,652958,140,111,270
924,925,653296,100,27,262
925,926,654552,120,121,265
926,927,657424,179,248,264
927,928,659557,120,80,262
928,929,659975,518,55,280
929,930,660773,100,126,271
930,931,661451,120,103,657
931,932,661590,160,97,683
932,933,661969,219,82,616
933,934,662208,439,97,614
934,935,662946,179,58,262
935,936,663245,140,249,262
936,937,663405,120,253,273
937,938,663784,140,775,754
938,939,664521,100,750,650
939,940,664641,179,766,649
940,941,664920,100,787,686
941,942,665059,120,787,671
942,943,665917,100,765,744
943,944,666096,140,802,705
944,945,666256,120,815,746
945,946,666535,100,795,738
946,947,666914,100,842,752
947,948,668190,100,848,753
948,949,669904,120,823,706
949,950,670243,239,788,717
950,951,670642,180,790,715
951,952,670901,120,810,698
952,953,671041,120,807,701
953,954,671240,120,786,675
954,955,671380,120,816,675
955,956,671639,120,780,657
956,957,671918,100,798,649
957,958,673094,160,93,250
958,959,673314,179,260,246
959,960,673772,179,286,257
960,961,674270,339,778,849
961,962,674789,100,761,674
962,963,675008,179,724,591
963,964,675327,160,743,635
964,965,675567,120,763,599
965,966,675706,140,774,604
966,967,675925,120,807,591
967,968,676464,100,790,618
968,969,676723,120,802,630
969,970,677002,140,749,626
970,971,677261,100,763,664
971,972,677401,100,758,648
972,973,677560,120,755,646
973,974,677760,100,710,647
974,975,677879,100,696,639
975,976,678657,180,814,692
976,977,678876,159,863,678
977,978,680132,120,723,652
978,979,682924,120,26,559
979,980,683203,100,8,538
980,981,684877,159,716,555
981,982,685495,100,697,594
982,983,685655,140,698,589
983,984,685814,120,723,601
984,985,686712,219,741,584
985,986,687828,100,682,625
986,987,688227,120,752,631
987,988,689184,120,739,653
988,989,690041,299,87,803
989,990,690380,179,77,841
990,991,690878,100,217,809
991,992,691477,140,99,826
992,993,691716,100,66,831
993,994,692573,100,51,544
994,995,694447,100,109,802
995,996,697278,160,96,825
996,997,697578,120,82,837
997,998,697956,100,38,836
998,999,700150,100,728,640
999,1000,700508,120,683,637
1000,1001,701226,100,757,668
1001,1002,701924,120,787,732
1002,1003,702203,139,747,702
1003,1004,702363,140,822,731
1004,1005,702682,120,732,710
1005,1006,703280,120,73,888
1006,1007,704217,140,749,691
1007,1008,704456,100,750,657
1008,1009,709540,140,766,647
1009,1010,709700,100,734,653
1010,1011,709999,120,750,680
1011,1012,711175,100,807,716
1012,1013,712930,179,802,759
1013,1014,715422,120,108,825
1014,1015,717555,120,793,711
1015,1016,718253,140,769,831
1016,1017,718412,120,764,844
1017,1018,718552,339,791,836
1018,1019,719309,199,775,833
1019,1020,719808,100,122,872
1020,1021,720027,100,86,949
1021,1022,722619,120,29,156
1022,1023,723995,100,41,187
1023,1024,725331,140,60,313
1024,1025,726407,140,104,947
1025,1026,728600,100,740,895
1026,1027,728760,120,789,865
1027,1028,729158,179,746,874
1028,1029,729378,219,775,878
1029,1030,730474,100,96,952
1030,1031,734342,100,763,860
1031,1032,735259,120,768,844
1032,1033,736376,100,788,813
1033,1034,751808,120,807,832
1034,1035,768754,259,96,808
1035,1036,769452,120,275,289
1036,1037,769711,120,794,670
1037,1038,769851,219,747,650
1038,1039,770090,279,776,671
1039,1040,770449,120,782,654
1040,1041,770628,100,789,676
1041,1042,770748,179,830,661
1042,1043,771406,120,287,305
1043,1044,771546,120,275,305
1044,1045,771685,100,277,289
1045,1046,772124,140,821,645
1046,1047,772423,140,868,657
1047,1048,772842,120,328,272
1048,1049,772981,100,333,272
1049,1050,773200,279,322,264
1050,1051,773719,139,325,279
1051,1052,773958,120,329,280
1052,1053,774197,120,335,288
1053,1054,776570,120,106,838
1054,1055,776989,120,101,865
1055,1056,777168,179,123,920
1056,1057,777387,159,115,961
1057,1058,777686,299,105,949
1058,1059,779002,160,44,785
1059,1060,780059,199,737,862
1060,1061,780378,379,717,679
1061,1062,780996,139,768,676
1062,1063,781156,120,756,679
1063,1064,781674,159,832,683
1064,1065,781893,199,786,729
1065,1066,782152,199,781,706
1066,1067,782451,140,790,821
1067,1068,782611,120,788,808
1068,1069,782850,199,807,813
1069,1070,783090,139,784,825
1070,1071,783269,100,772,863
1071,1072,783847,100,759,849
1072,1073,784266,120,747,839
1073,1074,785562,100,722,633
1074,1075,786858,120,743,628
1075,1076,787216,120,784,617
1076,1077,788074,100,841,667
1077,1078,788333,140,775,691
1078,1079,788492,140,766,687
1079,1080,788752,100,770,651
1080,1081,789110,219,815,660
1081,1082,790247,120,61,612
1082,1083,790666,140,54,618
1083,1084,791702,120,45,577
1084,1085,793437,100,101,675
1085,1086,794833,100,294,315
1086,1087,795251,160,238,269
1087,1088,795730,100,402,240
1088,1089,796129,100,437,267
1089,1090,796547,199,85,250
1090,1091,797185,100,21,207
1091,1092,797624,120,715,681
1092,1093,798003,100,69,648
1093,1094,799000,100,775,648
1094,1095,799358,100,775,660
1095,1096,799478,160,771,651
1096,1097,799717,179,795,655
1097,1098,799957,100,806,671
1098,1099,800694,100,250,245
1099,1100,800954,140,246,210
1100,1101,801352,179,815,648
1101,1102,801711,219,781,651
1102,1103,802150,100,871,641
1103,1104,802449,100,773,661
1104,1105,803486,140,779,637
1105,1106,803884,140,816,652
1106,1107,804582,239,847,658
1107,1108,805061,179,850,638
1108,1109,805699,120,295,241
1109,1110,805898,120,317,241
1110,1111,806436,419,330,233
1111,1112,806875,239,327,219
1112,1113,807593,120,765,687
1113,1114,809626,120,839,708
1114,1115,810384,120,831,714
1115,1116,811142,160,775,741
1116,1117,811780,120,853,749
1117,1118,812039,100,753,745
1118,1119,812158,279,802,757
1119,1120,812557,180,878,763
1120,1121,812816,139,768,767
1121,1122,812976,120,771,748
1122,1123,813614,159,851,769
1123,1124,813833,140,775,763
1124,1125,814690,100,756,776
1125,1126,818060,100,54,644
1126,1127,832833,140,745,615
1127,1128,849920,100,798,730
1128,1129,850119,140,794,765
1129,1130,882717,140,770,853
1130,1131,883235,120,768,871
1131,1132,884192,219,786,855
1132,1133,885070,100,773,841
1133,1134,885289,199,1113,919
1134,1135,885867,140,1102,945
1135,1136,886126,259,1198,1038
1136,1137,887183,160,769,841
1137,1138,887662,159,799,810
1138,1139,889855,100,787,866
1139,1140,907380,179,94,766
1140,1141,907778,100,120,750
1141,1142,908237,120,811,899
1142,1143,909234,120,785,899
1143,1144,910650,100,760,773
1144,1145,912085,120,766,848
1145,1146,915913,100,78,735
1146,1147,917309,120,793,856
1147,1148,919621,100,910,775
1148,1149,920080,120,787,795
1149,1150,932082,100,706,589
1150,1151,936449,160,17,626
1151,1152,937087,140,18,628
